<?xml version="1.0" encoding="UTF-8"?>
<!DOCTYPE mapper PUBLIC "-//mybatis.org//DTD Mapper 3.0//EN" "http://mybatis.org/dtd/mybatis-3-mapper.dtd">
<mapper namespace="yjs.tyust.edu.cn.jiewei.mapper.AdminMessageMapper">

    <resultMap id="AdminMessage" type="yjs.tyust.edu.cn.jiewei.entity.AdminMessage">
        <id property="id" column="id"/>
        <result property="messId" column="mess_id"/>
        <result property="stuId" column="stu_id"/>
        <result property="adId" column="ad_id"/>
        <result property="content" column="content"/>

        <association property="student" javaType="yjs.tyust.edu.cn.jiewei.entity.Student">
            <id property="stuId" column="stu_id"/>
            <result property="stuName" column="stu_name"/>
        </association>
        <association property="admin" javaType="yjs.tyust.edu.cn.jiewei.entity.Admin">
            <id property="adId" column="ad_id"/>
            <result property="adName" column="ad_name"/>
        </association>
    </resultMap>


    <select id="listByMessId" resultMap="AdminMessage">
        select temp.*,student.stu_name stu_name,admin.ad_name ad_name
            from (select *
                  from admin_message
                  where mess_id=#{messId})temp
            left join student
            on temp.stu_id=student.stu_id
            left join admin
            on temp.ad_id=admin.ad_id

    </select>
</mapper>
