<?xml version="1.0" encoding="UTF-8"?>
<!DOCTYPE mapper PUBLIC "-//mybatis.org//DTD Mapper 3.0//EN" "http://mybatis.org/dtd/mybatis-3-mapper.dtd">
<mapper namespace="yjs.tyust.edu.cn.jiewei.mapper.StuMessageMapper">
    <resultMap id="StuMessage" type="yjs.tyust.edu.cn.jiewei.entity.StuMessage">
        <id property="messId" column="mess_id"/>
        <result property="stuId" column="stu_id"/>
        <result property="content" column="content"/>
        <association property="Student" javaType="yjs.tyust.edu.cn.jiewei.entity.Student">
            <id property="stuId" column="stu_id"/>
            <result property="stuName" column="stu_name"/>
        </association>

    </resultMap>


    <select id="getByStuId" resultMap="StuMessage">
        select temp.*,student.stu_name
            from (select *
                  from stu_message
                  where stu_id = #{stuId})temp
            left join student
            on temp.stu_id = student.stu_id

    </select>


</mapper>
